{"keyframes": [{"matrix": "[0.7071067811865476,0.7071067811865475,0,0,-0.20507577810739902,0.20507577810739896,0.9570202978345286,0,0.6767155423319645,-0.6767155423319646,0.29002094671369916,0,0.6999999999999995,-0.6999999999999996,0.29999999999999993,1]", "fov": 50, "aspect": 1, "properties": "[[\"FOV\",50],[\"NAME\",\"Camera 0\"],[\"TIME\",0]]"}, {"matrix": "[0.7071067811865476,0.7071067811865475,5.551115123125783e-17,0,-0.20507577810739913,0.2050757781073992,0.9570202978345284,0,0.6767155423319644,-0.6767155423319644,0.2900209467136994,0,0.7905096679918774,-0.6094903320081213,0.2999999999999998,1]", "fov": 50, "aspect": 1, "properties": "[[\"FOV\",50],[\"NAME\",\"Camera 1\"],[\"TIME\",1]]"}], "camera_type": "perspective", "render_height": 600, "render_width": 800, "camera_path": [{"camera_to_world": [0.7071067811865476, -0.20507577810739902, 0.6767155423319645, 0.6999999999999995, 0.7071067811865476, 0.20507577810739905, -0.6767155423319645, -0.6999999999999996, 0, 0.9570202978345286, 0.29002094671369916, 1.0, 0, 0, 0, 1], "fov": 50, "aspect": 1}], "fps": 1, "seconds": 1, "smoothness_value": 0.5, "is_cycle": false, "crop": null}